name,url,logo,categories,creation date,region,street,zip_code,city,address,lat,lon
ActiveMe,http://activeme.be/,https://community.ai4belgium.be/ai-landscape//landscape_logos/ActiveMe_squared.png,"Social (Education, Civic Tech, Entertainment, etc)",2012.0,Wallonia,Granbonpré,1348,Ottignies-Louvain-la-Neuve,Granbonpré 1348 Ottignies-Louvain-la-Neuve,50.66389,4.6387666
Adunio,http://www.adun.io/,https://community.ai4belgium.be/ai-landscape//landscape_logos/Adunio_squared.png,Sales & Marketing,2019.0,Flanders,Luchthavenlaan 27 / 56,1800,Vilvoorde,Luchthavenlaan 27 / 56 1800 Vilvoorde,50.9220491,4.4432583
Agilytic,http://www.agilytic.be/,https://community.ai4belgium.be/ai-landscape//landscape_logos/Agilytic_logo_w_C_transparent_squared.png,Services,2015.0,Wallonia,Clos de Rambouillet,1410,Waterloo,Clos de Rambouillet 1410 Waterloo,50.7274261,4.3888663
Aividens,http://www.aividens.com/,https://community.ai4belgium.be/ai-landscape//landscape_logos/Aividens_squared.png,Legal & FinTech,2019.0,Brussels,Avenue des Volontaires 19,1160,Auderghem,Avenue des Volontaires 19 1160 Auderghem,50.8269444,4.4041328
Alberts,http://alberts.be/,https://community.ai4belgium.be/ai-landscape//landscape_logos/Alberts_squared.png,"Agritech, Cleantech & energy",2015.0,Flanders,Nerviërsstraat 49,1730,Asse,Nerviërsstraat 49 1730 Asse,50.9162916,4.1899799
AlterEdu,http://www.alteredu.be/,https://community.ai4belgium.be/ai-landscape//landscape_logos/AlterEdu_squared.png,HR & Skills,2019.0,Flanders,Eliaertsstraat 32,2140,Antwerpen,Eliaertsstraat 32 2140 Antwerpen,51.214229,4.433601
Amethix,http://amethix.com/,https://community.ai4belgium.be/ai-landscape//landscape_logos/Amethix_squared.png,"RPA, Internal Data & Intelligence",2017.0,Flanders,Rue de l'Enseignement 25,1000,Bruxelles,Rue de l'Enseignement 25 1000 Bruxelles,50.8482971,4.3642444
ammco,https://ammco.be/en/,https://community.ai4belgium.be/ai-landscape//landscape_logos/ammco_squared.png,"Social (Education, Civic Tech, Entertainment, etc)",2011.0,Flanders,Aarschotsesteenweg 147,3111,Rotselaar,Aarschotsesteenweg 147 3111 Rotselaar,50.9466211,4.7496756
Apptweak,http://www.apptweak.com/,https://community.ai4belgium.be/ai-landscape//landscape_logos/Apptweak_squared.png,Sales & Marketing,2014.0,Brussels,Avenue Louise 235,1050,Ixelles,Avenue Louise 235 1050 Ixelles,,
Araani,http://www.araani.com/,https://community.ai4belgium.be/ai-landscape//landscape_logos/Araani_squared.png,Image & video processing,2014.0,Flanders,Luipaardstraat(Kor) 12,8500,Kortrijk,Luipaardstraat(Kor) 12 8500 Kortrijk,,
Artiq,http://www.artiq.eu/,https://community.ai4belgium.be/ai-landscape//landscape_logos/Artiq_squared.png,Healthcare & biotech,2019.0,Flanders,Diestsepoort 1,3000,Leuven,Diestsepoort 1 3000 Leuven,50.8829926,4.7141528
Aspect Analytics,http://www.aspect-analytics.com/,https://community.ai4belgium.be/ai-landscape//landscape_logos/Aspect-Analytics_squared.png,Healthcare & biotech,2018.0,Flanders,C-Mine 12,3600,Genk,C-Mine 12 3600 Genk,50.9827077,5.4920445
Aurelis,https://aurelis.org/,https://community.ai4belgium.be/ai-landscape//landscape_logos/Aurelis_squared.png,Healthcare & biotech,2014.0,Flanders,Kammenstraat 43,2000,Antwerpen,Kammenstraat 43 2000 Antwerpen,51.2171181,4.4010383
Avalasia,http://www.avalasia.com/,https://community.ai4belgium.be/ai-landscape//landscape_logos/Avalasia_squared.png,Healthcare & biotech,2011.0,Flanders,Parkstraat 21/0,8930,Menen,Parkstraat 21/0 8930 Menen,50.8003422,3.1254317
Avantopy,http://avantopy.com/,https://community.ai4belgium.be/ai-landscape//landscape_logos/Avantopy_squared.png,Speech & Text,2019.0,Flanders,Albert Stainierstraat 4,3001,Leuven,Albert Stainierstraat 4 3001 Leuven,50.8710241,4.7227366
Axiles Bionics,http://www.axilesbionics.com/,https://community.ai4belgium.be/ai-landscape//landscape_logos/Axiles-Bionics_squared.png,Healthcare & biotech,2017.0,Brussels,Rue de la Fusée 64,1130,Bruxelles,Rue de la Fusée 64 1130 Bruxelles,50.8789019,4.4200739
Axinesis,http://www.axinesis.com/,https://community.ai4belgium.be/ai-landscape//landscape_logos/Axinesis_squared.png,Healthcare & biotech,2015.0,Wallonia,Avenue Sabin 3,1300,Wavre,Avenue Sabin 3 1300 Wavre,50.7394066,4.6132607
Bartanel,http://bartanel.com/,https://community.ai4belgium.be/ai-landscape//landscape_logos/Bartanel_squared.png,Healthcare & biotech,2019.0,Flanders,Hof ter Wilderweg 2,1861,Meise,Hof ter Wilderweg 2 1861 Meise,,
Bingli,http://www.mybingli.com/,https://community.ai4belgium.be/ai-landscape//landscape_logos/Bingli_squared.png,Healthcare & biotech,2017.0,Flanders,Lange Gasthuisstraat 29 / 12,2000,Antwerpen,Lange Gasthuisstraat 29 / 12 2000 Antwerpen,51.2153311,4.4050482
BioClue,http://www.bioclue.eu/,https://community.ai4belgium.be/ai-landscape//landscape_logos/BioClue_squared.png,Healthcare & biotech,2019.0,Flanders,Agoralaan Abis,3590,Diepenbeek,Agoralaan Abis 3590 Diepenbeek,,
Oakwood,https://oakwood.global/,https://community.ai4belgium.be/ai-landscape//landscape_logos/Bottist_squared.png,Chatbots & Assistants,2017.0,Flanders,Diepenhorstlaan 5,2288 EW,Rijswijk,Diepenhorstlaan 5 2288 EW Rijswijk,52.0416085,4.3317479
BT Clinical Computing,http://www.btclinicalcomputing.com/,https://community.ai4belgium.be/ai-landscape//landscape_logos/BT-Clinical-Computing_squared.png,Healthcare & biotech,2015.0,Wallonia,Avenue Paul Pastur 361,6032,Charleroi,Avenue Paul Pastur 361 6032 Charleroi,50.3978508,4.4220788
Calltic,http://www.calltic.com/,https://community.ai4belgium.be/ai-landscape//landscape_logos/Calltic_squared.png,Retail & telecom,2017.0,Flanders,Sint-Denijslaan 201,9000,Gent,Sint-Denijslaan 201 9000 Gent,51.0359745,3.7050839
CashForce,http://www.discover-edge.com/,https://community.ai4belgium.be/ai-landscape//landscape_logos/CashForce_squared.png,Legal & FinTech,2013.0,Flanders,Atealaan(HRT) 34A,2200,Herentals,Atealaan(HRT) 34A 2200 Herentals,,
Clever,http://clever.be/,https://community.ai4belgium.be/ai-landscape//landscape_logos/Clever_squared.png,Chatbots & Assistants,2016.0,Flanders,Kortrijksesteenweg 387,8530,Harelbeke,Kortrijksesteenweg 387 8530 Harelbeke,50.84066,3.288984
CluePoints,http://cluepoints.com/,https://community.ai4belgium.be/ai-landscape//landscape_logos/CluePoints_squared.png,Healthcare & biotech,2012.0,Wallonia,Avenue Albert Einstein 2A,1348,Ottignies-Louvain-la-Neuve,Avenue Albert Einstein 2A 1348 Ottignies-Louvain-la-Neuve,50.6657528,4.6273209
Complidata,http://complidata.io/,https://community.ai4belgium.be/ai-landscape//landscape_logos/Complidata_squared.png,Legal & FinTech,2018.0,Flanders,Philipssite 5 / 1,3001,Leuven,Philipssite 5 / 1 3001 Leuven,50.8673224,4.7100639
Conundra,http://www.conundra.eu/,https://community.ai4belgium.be/ai-landscape//landscape_logos/Conundra_squared.png,"Automotive, mobility & travel",2013.0,Flanders,Voordries 41,9860,Oosterzele,Voordries 41 9860 Oosterzele,50.9512527,3.8068771
CooperLink,http://www.cooperlink.io/,https://community.ai4belgium.be/ai-landscape//landscape_logos/cooperlink_logo_simple-300x79-1_squared.png,Services,2017.0,Wallonia,Rue Van Opré(JB) 95,5100,Namur,Rue Van Opré(JB) 95 5100 Namur,50.4584664,4.8729035
Cropland,http://www.cropland.be/,https://community.ai4belgium.be/ai-landscape//landscape_logos/Cropland_squared.png,Sales & Marketing,2013.0,Flanders,Molenbergstraat 10 / 25,2000,Antwerpen,Molenbergstraat 10 / 25 2000 Antwerpen,51.220353,4.4154416
Cytomine,http://www.cytomine.be/,https://community.ai4belgium.be/ai-landscape//landscape_logos/Cytomine_squared.png,"Social (Education, Civic Tech, Entertainment, etc)",2017.0,Wallonia,Quai Banning 6,4000,Liège,Quai Banning 6 4000 Liège,50.6142395,5.575796
Datacamp,http://www.datamind.org/,https://community.ai4belgium.be/ai-landscape//landscape_logos/Datacamp_squared.png,"Social (Education, Civic Tech, Entertainment, etc)",2013.0,Flanders,Martelarenlaan 38,3010,Leuven,Martelarenlaan 38 3010 Leuven,50.88009,4.7185622
Datascouts,https://datascouts.eu/,https://community.ai4belgium.be/ai-landscape//landscape_logos/Datascouts_squared.png,"RPA, Internal Data & Intelligence",2011.0,Flanders,Sint-Amandsstraat 86,1853,Grimbergen,Sint-Amandsstraat 86 1853 Grimbergen,50.9079553,4.3587646
Diabatix,http://diabatix.com/,https://community.ai4belgium.be/ai-landscape//landscape_logos/Diabatix_squared.png,Industrial,2016.0,Flanders,Technologielaan,3001,Leuven,Technologielaan 3001 Leuven,50.8534867,4.7276536
Digital Orthopaedics,http://www.digital-orthopaedics.com/,https://community.ai4belgium.be/ai-landscape//landscape_logos/Digital-Orthopaedics_squared.png,Healthcare & biotech,2016.0,Wallonia,Grafenberger Allee 297,40237,Dusseldorf,Grafenberger Allee 297 40237 Dusseldorf,51.2366523,6.821585
DNAlytics,http://dnalytics.com/,https://community.ai4belgium.be/ai-landscape//landscape_logos/DNAlytics_squared.png,Healthcare & biotech,2012.0,Wallonia,Avenue Jean Monnet 1,1348,Ottignies-Louvain-la-Neuve,Avenue Jean Monnet 1 1348 Ottignies-Louvain-la-Neuve,50.6789264,4.6244546
Doccle,http://doccle.be/,https://community.ai4belgium.be/ai-landscape//landscape_logos/Doccle_squared.png,"RPA, Internal Data & Intelligence",2012.0,Brussels,Esplanade SN / 65,1020,Bruxelles,Esplanade SN / 65 1020 Bruxelles,,
Dropon,http://dropon.io/,https://community.ai4belgium.be/ai-landscape//landscape_logos/Dropon_squared.png,"Automotive, mobility & travel",2018.0,Flanders,Oktrooiplein 1/201,9000,Gent,Oktrooiplein 1/201 9000 Gent,51.057535,3.7396435
Edebex,http://edebex.com/,https://community.ai4belgium.be/ai-landscape//landscape_logos/Edebex_squared.png,Legal & FinTech,2013.0,Brussels,Rue Jules Cockx 8-10,1160,Auderghem,Rue Jules Cockx 8-10 1160 Auderghem,50.8153037,4.4082886
EisphorIA,http://www.eisphoria.com/,https://community.ai4belgium.be/ai-landscape//landscape_logos/EisphorIA_squared.png,Legal & FinTech,2019.0,Brussels,Chaussée de Huy 195,1325,Chaumont-Gistoux,Chaussée de Huy 195 1325 Chaumont-Gistoux,50.6866163,4.6928449
Enervalis,http://www.enervalis.com/,https://community.ai4belgium.be/ai-landscape//landscape_logos/Enervalis_squared.png,"Agritech, Cleantech & energy",2013.0,Flanders,Lummense Kiezel 51,3510,Hasselt,Lummense Kiezel 51 3510 Hasselt,50.9530026,5.2423762
Engine27,http://www.engine27.be/,https://community.ai4belgium.be/ai-landscape//landscape_logos/Engine27_squared.png,"Security, Cyber-Security",2016.0,Flanders,Uitbreidingstraat 84 / 3,2600,Antwerpen,Uitbreidingstraat 84 / 3 2600 Antwerpen,51.1968365,4.4296125
EngineerX,http://www.engineerx.com/,https://community.ai4belgium.be/ai-landscape//landscape_logos/EngineerX_squared.png,HR & Skills,2011.0,Flanders,Belgicastraat 5 / 2,1930,Zaventem,Belgicastraat 5 / 2 1930 Zaventem,50.8788628,4.4569117
Epcon,http://www.epcon.ai/,https://community.ai4belgium.be/ai-landscape//landscape_logos/Epcon_squared.png,Healthcare & biotech,2018.0,Flanders,Schillerstraat 24,2050,Antwerpen,Schillerstraat 24 2050 Antwerpen,51.2323124,4.3885166
epic blue,http://www.epic.blue/,https://community.ai4belgium.be/ai-landscape//landscape_logos/epic-blue_squared.png,Industrial,2016.0,Flanders,Brusselsestraat 190,3000,Leuven,Brusselsestraat 190 3000 Leuven,50.8811989,4.6910625
Epilog,http://www.epilog.care/,https://community.ai4belgium.be/ai-landscape//landscape_logos/Epilog_squared.png,Healthcare & biotech,2016.0,Flanders,Warande 72,9270,Laarne,Warande 72 9270 Laarne,51.0240912,3.8507162
eRowz,http://www.site-annonce.be/,https://community.ai4belgium.be/ai-landscape//landscape_logos/eRowz_squared.png,Sales & Marketing,2011.0,Wallonia,Rue Jean Burgers 2,7850,Enghien,Rue Jean Burgers 2 7850 Enghien,50.6836077,4.0269751
Ethernetics,http://ethernetics.tech/,https://community.ai4belgium.be/ai-landscape//landscape_logos/Ethernetics_squared.png,"Agritech, Cleantech & energy",2018.0,Flanders,Steenweg 56,9570,Lierde,Steenweg 56 9570 Lierde,50.8164095,3.8310116
EyeSee,http://www.eyesee.be/,https://community.ai4belgium.be/ai-landscape//landscape_logos/EyeSee_squared.png,Image & video processing,2012.0,Flanders,Franklin Rooseveltlaan 349/B.71,9000,Gent,Franklin Rooseveltlaan 349/B.71 9000 Gent,,
Factry,http://www.factry.io/,https://community.ai4belgium.be/ai-landscape//landscape_logos/Factry_squared.png,Industrial,2016.0,Brussels,Korianderstraat 2 / G,9000,Gent,Korianderstraat 2 / G 9000 Gent,51.0488118,3.7276349
Features Analytics,http://www.features-analytics.com/,https://community.ai4belgium.be/ai-landscape//landscape_logos/Features-Analytics_squared.png,Legal & FinTech,2014.0,Wallonia,Rue de Charleroi 2,1400,Nivelles,Rue de Charleroi 2 1400 Nivelles,50.5965716,4.3259497
Fielddrive,http://www.fielddrive.eu/,https://community.ai4belgium.be/ai-landscape//landscape_logos/Fielddrive_squared.png,Image & video processing,2015.0,Flanders,Mechelsesteenweg 303,2830,Willebroek,Mechelsesteenweg 303 2830 Willebroek,51.0488422,4.3761963
Flexible Robotic Solutions,http://www.frsrobotics.com/,https://community.ai4belgium.be/ai-landscape//landscape_logos/Flexible-Robotic-Solutions_squared.png,Industrial,2013.0,Flanders,Kapeldreef 60,3001,Leuven,Kapeldreef 60 3001 Leuven,50.8620767,4.6715625
Foresightee,http://www.foresightee.com/,https://community.ai4belgium.be/ai-landscape//landscape_logos/Foresightee_squared.png,"Agritech, Cleantech & energy",2019.0,Flanders,Esplanade Simone VEIL 1,4000,Liège,Esplanade Simone VEIL 1 4000 Liège,50.626349,5.5714132
Freemind,http://www.freemind-group.com/,https://community.ai4belgium.be/ai-landscape//landscape_logos/logo-temp_squared.png,Services,2011.0,Brussels,Izabellapolder 3,8300,Knokke-Heist,Izabellapolder 3 8300 Knokke-Heist,51.3258284,3.3073224
Froomle,http://www.froomle.ai/,https://community.ai4belgium.be/ai-landscape//landscape_logos/Froomle_squared.png,Sales & Marketing,2016.0,Flanders,Borsbeeksebrug 28/0,2600,Antwerpen,Borsbeeksebrug 28/0 2600 Antwerpen,51.2002632,4.4381487
Hyler,http://www.hyler.be/,https://community.ai4belgium.be/ai-landscape//landscape_logos/Hyler_squared.png,"Agritech, Cleantech & energy",2016.0,Flanders,Oude Gentstraat 28A,8760,Tielt,Oude Gentstraat 28A 8760 Tielt,50.9497344,3.2977331
icoMetrix,http://www.icometrix.com/,https://community.ai4belgium.be/ai-landscape//landscape_logos/icoMetrix_squared.png,Healthcare & biotech,2011.0,Flanders,Kolonel Begaultlaan 1B / 12,3012,Leuven,Kolonel Begaultlaan 1B / 12 3012 Leuven,50.9033441,4.7070761
Infinity Mobile,http://infinity-mobile.io/,https://community.ai4belgium.be/ai-landscape//landscape_logos/Infinity-Mobile_squared.png,Legal & FinTech,2015.0,Flanders,Hoogstraat 29,9850,Deinze,Hoogstraat 29 9850 Deinze,51.0262579,3.5527757
InvestSuite,http://www.investsuite.eu/,https://community.ai4belgium.be/ai-landscape//landscape_logos/InvestSuite_squared.png,Legal & FinTech,2018.0,Flanders,Sluisstraat 79 / 301,3000,Leuven,Sluisstraat 79 / 301 3000 Leuven,50.8872088,4.70017
Iqunet,http://iqunet.com/,https://community.ai4belgium.be/ai-landscape//landscape_logos/Iqunet_squared.png,Industrial,2015.0,Flanders,Broekstraat 82,9220,Hamme (Vl.),Broekstraat 82 9220 Hamme (Vl.),,
Ivex,http://www.ivex.ai/,https://community.ai4belgium.be/ai-landscape//landscape_logos/Ivex_squared.png,"Automotive, mobility & travel",2017.0,Flanders,Kapeldreef 60,3001,Leuven,Kapeldreef 60 3001 Leuven,50.8620767,4.6715625
JiGSO,http://jigso.com/,https://community.ai4belgium.be/ai-landscape//landscape_logos/JiGSO_squared.png,HR & Skills,2018.0,Flanders,Antwerpsesteenweg 61,2660,Antwerpen,Antwerpsesteenweg 61 2660 Antwerpen,51.1452944,4.3788004
Kantify,http://kantify.com/,https://community.ai4belgium.be/ai-landscape//landscape_logos/logo-6_squared.png,Services,2016.0,Brussels,Avenue Louise 54,1050,Ixelles,Avenue Louise 54 1050 Ixelles,,
Kerberos,http://kerberos.io/,https://community.ai4belgium.be/ai-landscape//landscape_logos/Kerberos_squared.png,"Security, Cyber-Security",2014.0,Flanders,Steenweg op Dendermonde 43,9308,Aalst,Steenweg op Dendermonde 43 9308 Aalst,50.9676537,4.0379048
Keyrock,http://keyrock.eu/,https://community.ai4belgium.be/ai-landscape//landscape_logos/Keyrock_squared.png,Legal & FinTech,2017.0,Brussels,Avenue Louise 480,1050,Ixelles,Avenue Louise 480 1050 Ixelles,,
LiNGUiNEO,http://www.linguineo.com/,https://community.ai4belgium.be/ai-landscape//landscape_logos/LiNGUiNEO_squared.png,Chatbots & Assistants,2016.0,Flanders,Bottelarij 14 / 2,3000,Leuven,Bottelarij 14 / 2 3000 Leuven,50.8857153,4.6983437
Look,http://www.look-app.net/,https://community.ai4belgium.be/ai-landscape//landscape_logos/Look_squared.png,"Social (Education, Civic Tech, Entertainment, etc)",2016.0,Wallonia,SPACEROWA 13,-,NOWY KREPIEC,SPACEROWA 13 - NOWY KREPIEC,51.2091673,22.7470671
Lynxcare,http://lynxcare.be/,https://community.ai4belgium.be/ai-landscape//landscape_logos/Lynxcare_squared.png,Healthcare & biotech,2015.0,Flanders,Tiensevest 132,3000,Leuven,Tiensevest 132 3000 Leuven,50.8764487,4.714972
Mabo E&A,http://www.agv-automation.com/,https://community.ai4belgium.be/ai-landscape//landscape_logos/Mabo-EngineeringAutomation_squared.png,"Automotive, mobility & travel",2011.0,Flanders,Rue Hankar 6,7080,Frameries,Rue Hankar 6 7080 Frameries,50.4111218,3.8949473
Macty,http://macty.eu/,https://community.ai4belgium.be/ai-landscape//landscape_logos/Macty_squared.png,Image & video processing,2015.0,Flanders,Interleuvenlaan 62,3001,Leuven,Interleuvenlaan 62 3001 Leuven,50.8488429,4.736135
Magics Instruments,http://www.magics.tech/,https://community.ai4belgium.be/ai-landscape//landscape_logos/Magics-Instruments_squared.png,Industrial,2015.0,Flanders,TH. EDISONWEG 10,5151 DJ,DRUNEN,TH. EDISONWEG 10 5151 DJ DRUNEN,,
Medical Robots,http://www.medical-robots.be/,https://community.ai4belgium.be/ai-landscape//landscape_logos/Medical-Robots_squared.png,Healthcare & biotech,2016.0,Flanders,Ganzenstraat 37,2440,Geel,Ganzenstraat 37 2440 Geel,51.1768474,4.9638331
MH Automation,http://www.armin-robot.com/,https://community.ai4belgium.be/ai-landscape//landscape_logos/MH-Automation.jpeg,Industrial,2013.0,Wallonia,rue de la Maitrise 5C,1400,Nivelles,rue de la Maitrise 5C 1400 Nivelles,50.5819115,4.3580281
mindspeller,http://www.mindspeller.com/,https://community.ai4belgium.be/ai-landscape//landscape_logos/mindspeller_squared.png,Sales & Marketing,2015.0,Flanders,Duigemhofstraat 101,3020,Herent,Duigemhofstraat 101 3020 Herent,50.9088096,4.6542664
Mintt,https://mintt.care/,https://community.ai4belgium.be/ai-landscape//landscape_logos/Mintt_squared.png,Image & video processing,2014.0,Wallonia,Avenue Louise 251,1050,Ixelles,Avenue Louise 251 1050 Ixelles,,
ML2Grow,http://www.ml2grow.com/,https://community.ai4belgium.be/ai-landscape//landscape_logos/ML2Grow_squared.png,Sales & Marketing,2017.0,Flanders,Victoriastraat 52,9000,Gent,Victoriastraat 52 9000 Gent,51.0345112,3.7243577
Motulus,https://motulus.com/,https://community.ai4belgium.be/ai-landscape//landscape_logos/Motulus_squared.png,"Automotive, mobility & travel",2015.0,Flanders,Antwerpsesteenweg 61,2660,Antwerpen,Antwerpsesteenweg 61 2660 Antwerpen,51.1452944,4.3788004
Movetex,http://movetex.be/,https://community.ai4belgium.be/ai-landscape//landscape_logos/Movetex_squared.png,"Automotive, mobility & travel",2014.0,Flanders,Provincieweg 405,9550,Herzele,Provincieweg 405 9550 Herzele,50.8969651,3.861701
Musimap,http://www.musimap.com/,https://community.ai4belgium.be/ai-landscape//landscape_logos/Musimap_squared.png,"Social (Education, Civic Tech, Entertainment, etc)",2015.0,Wallonia,Avenue Georges Benoidt 21,1170,Watermael-Boitsfort,Avenue Georges Benoidt 21 1170 Watermael-Boitsfort,50.7993301,4.4147074
NGData,http://www.lilyproject.org/,https://community.ai4belgium.be/ai-landscape//landscape_logos/NGData_squared.png,Legal & FinTech,2012.0,Flanders,Ottergemsesteenweg-Zuid 808 / 380,9000,Gent,Ottergemsesteenweg-Zuid 808 / 380 9000 Gent,51.0145687,3.7336591
Nviso,http://www.nviso.be/,https://community.ai4belgium.be/ai-landscape//landscape_logos/Nviso_squared.png,"Security, Cyber-Security",2013.0,Brussels,Rue Guimard 8,1040,Bruxelles,Rue Guimard 8 1040 Bruxelles,50.8440681,4.369315
Odase,http://www.odaseontologies.com/,https://community.ai4belgium.be/ai-landscape//landscape_logos/odaseontologies_squared.png,Services,2015.0,Brussels,Square de Meeûs 38-40,1000,Bruxelles,Square de Meeûs 38-40 1000 Bruxelles,50.8405341,4.3696577
OncoDNA,http://www.oncoshare.com/,https://community.ai4belgium.be/ai-landscape//landscape_logos/OncoDNA_squared.png,Healthcare & biotech,2012.0,Wallonia,Rue Louis Breguet 1,6041,Charleroi,Rue Louis Breguet 1 6041 Charleroi,50.473608,4.4711233
Oncoradiomics,http://www.oncoradiomics.com/,https://community.ai4belgium.be/ai-landscape//landscape_logos/Oncoradiomics_squared.png,Healthcare & biotech,2016.0,Wallonia,Boulevard de Patience et Beaujonc 3,4000,Liège,Boulevard de Patience et Beaujonc 3 4000 Liège,50.6476108,5.5374889
Ontoforce,http://www.ontoforce.com/,https://community.ai4belgium.be/ai-landscape//landscape_logos/Ontoforce_squared.png,Healthcare & biotech,2011.0,Flanders,Moutstraat 108-110,9000,Gent,Moutstraat 108-110 9000 Gent,51.0291438,3.7331026
Open Analytics,http://www.openanalytics.eu/,https://community.ai4belgium.be/ai-landscape//landscape_logos/Open-Analytics_squared.png,"RPA, Internal Data & Intelligence",2013.0,Flanders,Jupiterstraat 20,2600,Antwerpen,Jupiterstraat 20 2600 Antwerpen,51.2007971,4.4400046
OTIV,http://www.otiv.ai/,https://community.ai4belgium.be/ai-landscape//landscape_logos/OTIV_squared.png,"Automotive, mobility & travel",2020.0,Flanders,Nieuwewandeling 62,9000,Gent,Nieuwewandeling 62 9000 Gent,51.0552209,3.7068009
Otrema,http://www.otrema.eu/,https://community.ai4belgium.be/ai-landscape//landscape_logos/Otrema_squared.png,"Agritech, Cleantech & energy",2015.0,Brussels,Avenue de la Croix du Sud 4,1200,Woluwe-Saint-Lambert,Avenue de la Croix du Sud 4 1200 Woluwe-Saint-Lambert,50.8503214,4.4179882
Phished,http://phished.be/,https://community.ai4belgium.be/ai-landscape//landscape_logos/Phished_squared.png,"Security, Cyber-Security",2019.0,Flanders,Bondgenotenlaan 138,3000,Leuven,Bondgenotenlaan 138 3000 Leuven,50.8807344,4.7130468
Pick-it,http://www.pickit3d.com/,https://community.ai4belgium.be/ai-landscape//landscape_logos/Pick-it_squared.png,Industrial,2016.0,Flanders,Rue du Duc 23,1150,Woluwe-Saint-Pierre,Rue du Duc 23 1150 Woluwe-Saint-Pierre,50.83765,4.41475
PixelVision,http://www.pixelvision.be/,https://community.ai4belgium.be/ai-landscape//landscape_logos/PixelVision_squared.png,Image & video processing,2015.0,Flanders,Kempische steenweg 303 / 23,3500,Hasselt,Kempische steenweg 303 / 23 3500 Hasselt,50.9533153,5.3486688
Piximate,http://www.piximate.net/,https://community.ai4belgium.be/ai-landscape//landscape_logos/Piximate_squared.png,Image & video processing,2016.0,Wallonia,Avenue Reine Astrid 92,1310,La Hulpe,Avenue Reine Astrid 92 1310 La Hulpe,50.7270455,4.4721739
Qaelum,https://qaelum.com/,https://community.ai4belgium.be/ai-landscape//landscape_logos/Qaelum_squared.png,Healthcare & biotech,2011.0,Flanders,Kolonel Begaultlaan 1B,3012,Leuven,Kolonel Begaultlaan 1B 3012 Leuven,50.9033441,4.7070761
Reimagine,http://www.reimagine.be/,https://community.ai4belgium.be/ai-landscape//landscape_logos/Logo-Reimagine_squared.png,Services,2018.0,Wallonia,Lenneke Marelaan 6,1932,Zaventem,Lenneke Marelaan 6 1932 Zaventem,50.8554395,4.4486708
Retailsonar,http://retailsonar.com/,https://community.ai4belgium.be/ai-landscape//landscape_logos/Retailsonar_squared.png,Retail & telecom,2011.0,Flanders,Ferdinand Lousbergskaai 103 / 3,9000,Gent,Ferdinand Lousbergskaai 103 / 3 9000 Gent,51.0454472,3.7395518
RetViews,http://retviews.com/,https://community.ai4belgium.be/ai-landscape//landscape_logos/RetViews_squared.png,Retail & telecom,2017.0,Brussels,Avenue Louise 123,1050,Bruxelles,Avenue Louise 123 1050 Bruxelles,50.8301223,4.3603609
RiskConcile,http://www.riskconcile.com/,https://community.ai4belgium.be/ai-landscape//landscape_logos/RiskConcile_squared.png,Legal & FinTech,2015.0,Flanders,Kolonel Begaultlaan 1a / 4A,3012,Leuven,Kolonel Begaultlaan 1a / 4A 3012 Leuven,50.9033441,4.7070761
Roborana,http://roborana.be/,https://community.ai4belgium.be/ai-landscape//landscape_logos/Roborana_squared.png,"Security, Cyber-Security",2017.0,Flanders,Veldkant 33 A,2550,Kontich,Veldkant 33 A 2550 Kontich,51.1424488,4.4427143
Robovision,http://www.robovision.ai/,https://community.ai4belgium.be/ai-landscape//landscape_logos/Robovision_squared.png,Image & video processing,2011.0,Flanders,Foreestelaan 88,9000,Gent,Foreestelaan 88 9000 Gent,51.0311365,3.7342819
Sagacify,http://www.sagacify.com/,https://community.ai4belgium.be/ai-landscape//landscape_logos/new_logo_squared.png,Services,2012.0,Brussels,Avenue de Broqueville 12,1150,Woluwe-Saint-Pierre,Avenue de Broqueville 12 1150 Woluwe-Saint-Pierre,50.8381714,4.4099349
Sailsense,http://www.sailsense.io/,https://community.ai4belgium.be/ai-landscape//landscape_logos/Sailsense_squared.png,"Automotive, mobility & travel",2017.0,Brussels,Avenue Louise 54,1050,Bruxelles,Avenue Louise 54 1050 Bruxelles,50.8334045,4.3581481
Salesflare,https://salesflare.com/,https://community.ai4belgium.be/ai-landscape//landscape_logos/Salesflare_squared.png,Sales & Marketing,2014.0,Flanders,Delacenseriestraat 14,2018,Antwerpen,Delacenseriestraat 14 2018 Antwerpen,51.2115898,4.4226184
Say It Labs,http://www.sayitlabs.com/,https://community.ai4belgium.be/ai-landscape//landscape_logos/Say-It-Labs_squared.png,Speech & Text,2019.0,Flanders,Domeinstraat 58,3010,Leuven,Domeinstraat 58 3010 Leuven,50.8993038,4.7218439
SCM Revamp,http://www.scmrevamp.com/,https://community.ai4belgium.be/ai-landscape//landscape_logos/SCM-Revamp_squared.png,Industrial,2011.0,Wallonia,Clos Saint Feuillien(R) 5,7070,Le Roeulx,Clos Saint Feuillien(R) 5 7070 Le Roeulx,50.5083955,4.1164362
SEAFAR,http://www.seafar.eu/,https://community.ai4belgium.be/ai-landscape//landscape_logos/SEAFAR_squared.png,"Automotive, mobility & travel",2018.0,Flanders,Schaliënstraat 3,2000,Antwerpen,Schaliënstraat 3 2000 Antwerpen,51.2085103,4.3860697
SeeMe,http://seeme.ai/,https://community.ai4belgium.be/ai-landscape//landscape_logos/SeeMe_squared.png,Image & video processing,2012.0,Flanders,Lindekensweg 3,1652,Beersel,Lindekensweg 3 1652 Beersel,50.749148,4.3523774
Senhive,http://senhive.com/,https://community.ai4belgium.be/ai-landscape//landscape_logos/Senhive_squared.png,"Security, Cyber-Security",2019.0,Flanders,Kempische steenweg 293A / 23,3500,Hasselt,Kempische steenweg 293A / 23 3500 Hasselt,50.9548418,5.3501056
Sensifai,http://www.sensifai.com/,https://community.ai4belgium.be/ai-landscape//landscape_logos/Sensifai_squared.png,Image & video processing,2016.0,Brussels,Chaussée de Malines 455 / 1006,1950,Kraainem,Chaussée de Malines 455 / 1006 1950 Kraainem,50.8207881,4.4770616
Shavatar,http://www.shavatar.me/,https://community.ai4belgium.be/ai-landscape//landscape_logos/Shavatar_squared.png,Retail & telecom,2019.0,Flanders,Hooiberghoeve 3,2390,Malle,Hooiberghoeve 3 2390 Malle,51.2890129,4.7270782
Showpad,http://www.showpad.com/,https://community.ai4belgium.be/ai-landscape//landscape_logos/Showpad_squared.png,Sales & Marketing,2011.0,Flanders,Moutstraat 62,9000,Gent,Moutstraat 62 9000 Gent,51.0298927,3.7374305
Skalup,http://www.skalup.com/,https://community.ai4belgium.be/ai-landscape//landscape_logos/logo-4_squared.png,Services,2015.0,Wallonia,Avenue Reine Astrid(NR) 16,5000,Namur,Avenue Reine Astrid(NR) 16 5000 Namur,50.4625944,4.8542994
Solventure Life,http://www.solventuregroup.com/,https://community.ai4belgium.be/ai-landscape//landscape_logos/Solventure-Life_squared.png,"RPA, Internal Data & Intelligence",2017.0,Flanders,Sluisweg 1/18b,9000,Gent,Sluisweg 1/18b 9000 Gent,51.0131914,3.7348498
Sortlist,https://www.sortlist.com/,https://community.ai4belgium.be/ai-landscape//landscape_logos/Sortlist_squared.png,Sales & Marketing,2013.0,Wallonia,Avenue Zénobe Gramme 29,1300,Wavre,Avenue Zénobe Gramme 29 1300 Wavre,50.7335583,4.5792422
SoundTalks,http://www.soundtalks.be/,https://community.ai4belgium.be/ai-landscape//landscape_logos/SoundTalks_squared.png,"Agritech, Cleantech & energy",2011.0,Flanders,Interleuvenlaan 15C,3001,Leuven,Interleuvenlaan 15C 3001 Leuven,50.8475519,4.7315979
Sparkcentral,http://www.twitspark.com/,https://community.ai4belgium.be/ai-landscape//landscape_logos/Sparkcentral_squared.png,Sales & Marketing,2012.0,Flanders,Kempische steenweg 311 / 6.01,3500,Hasselt,Kempische steenweg 311 / 6.01 3500 Hasselt,,
Spott,http://www.appiness.mobi/,https://community.ai4belgium.be/ai-landscape//landscape_logos/Spott_squared.png,Sales & Marketing,2014.0,Flanders,Frederik Lintsstraat 57,3000,Leuven,Frederik Lintsstraat 57 3000 Leuven,50.8715002,4.7068628
Strategic Water,http://strategicwater.be/,https://community.ai4belgium.be/ai-landscape//landscape_logos/Strategic-Water_squared.png,"Agritech, Cleantech & energy",2017.0,Flanders,Nieuwbrugkaai 62,9000,Gent,Nieuwbrugkaai 62 9000 Gent,51.05536,3.7335347
Sumaqua,http://www.sumaqua.be/,https://community.ai4belgium.be/ai-landscape//landscape_logos/Sumaqua_squared.png,"Agritech, Cleantech & energy",2017.0,Flanders,Tiensesteenweg 28,3001,Leuven,Tiensesteenweg 28 3001 Leuven,50.8731896,4.715778
Sympl,https://sympl.be/,https://community.ai4belgium.be/ai-landscape//landscape_logos/Sympl_squared.png,HR & Skills,2016.0,Flanders,Broederminstraat 36D / 4.3,2018,Antwerpen,Broederminstraat 36D / 4.3 2018 Antwerpen,,
Techwolf,http://www.techwolf.be/,https://community.ai4belgium.be/ai-landscape//landscape_logos/Techwolf_squared.png,HR & Skills,2018.0,Flanders,Overzet 14B,9000,Gent,Overzet 14B 9000 Gent,51.0517489,3.6990213
Textgain,http://www.textgain.com/,https://community.ai4belgium.be/ai-landscape//landscape_logos/Textgain_squared.png,Speech & Text,2015.0,Flanders,Lodewijk Van Berckenlaan 180/2,2140,Antwerpen,Lodewijk Van Berckenlaan 180/2 2140 Antwerpen,51.1975757,4.4511824
The Kobi Company,http://thekobi.com/,https://community.ai4belgium.be/ai-landscape//landscape_logos/The-Kobi-Company_squared.png,"Agritech, Cleantech & energy",2015.0,Flanders,"irifune,1 -Chome 7-40",455-0032,Nagoya,"irifune,1 -Chome 7-40 455-0032 Nagoya",,
theMatchbox,http://thematchbox.be/,https://community.ai4belgium.be/ai-landscape//landscape_logos/theMatchbox_squared.png,HR & Skills,2015.0,Flanders,Grotehondstraat 44,2018,Antwerpen,Grotehondstraat 44 2018 Antwerpen,51.2057642,4.4290947
ThePickPath,http://thepickpath.com/,https://community.ai4belgium.be/ai-landscape//landscape_logos/ThePickPath_squared.png,Industrial,2016.0,Wallonia,Place Arthur Maquet 2,4263,Braives,Place Arthur Maquet 2 4263 Braives,50.6389215,5.1746504
ThinkNext,http://www.thinknext.be/,https://community.ai4belgium.be/ai-landscape//landscape_logos/ThinkNext_squared.png,Speech & Text,2011.0,Flanders,Minderbroedersstraat 17 / 2,3000,Leuven,Minderbroedersstraat 17 / 2 3000 Leuven,50.8775981,4.6926258
Trackuity,http://www.trackuity.com/,https://community.ai4belgium.be/ai-landscape//landscape_logos/Trackuity_squared.png,Sales & Marketing,2014.0,Flanders,Ridderstraat 15A,9000,Gent,Ridderstraat 15A 9000 Gent,51.0548393,3.7292223
Tusk IC,http://www.tusk-ic.com/,https://community.ai4belgium.be/ai-landscape//landscape_logos/Tusk-IC_squared.png,Industrial,2018.0,Flanders,Cuperusstraat 5,2018,Antwerpen,Cuperusstraat 5 2018 Antwerpen,51.2053374,4.426009
UgenTec,http://ugentec.com/,https://community.ai4belgium.be/ai-landscape//landscape_logos/UgenTec_squared.png,"RPA, Internal Data & Intelligence",2013.0,Flanders,Kempische steenweg 305 / 200,3500,Hasselt,Kempische steenweg 305 / 200 3500 Hasselt,50.9548418,5.3501056
Uman.ai,http://uman.ai/,https://community.ai4belgium.be/ai-landscape//landscape_logos/Uman_squared.png,"RPA, Internal Data & Intelligence",2019.0,Flanders,Kortrijksestwg.103Kl.Z.Jozefien. 271,9000,Gent,Kortrijksestwg.103Kl.Z.Jozefien. 271 9000 Gent,,
urbantz,http://www.urbantz.com/,https://community.ai4belgium.be/ai-landscape//landscape_logos/urbantz_squared.png,Industrial,2015.0,Brussels,Avenue Louise 251,1050,Ixelles,Avenue Louise 251 1050 Ixelles,,
Verbolia,http://verbolia.com/,https://community.ai4belgium.be/ai-landscape//landscape_logos/Verbolia_squared.png,Sales & Marketing,2018.0,Wallonia,Rue Jean Burgers 2,7850,Enghien,Rue Jean Burgers 2 7850 Enghien,50.685181,4.0245716
ViBE,http://www.vibeinmotion.com/,https://community.ai4belgium.be/ai-landscape//landscape_logos/ViBE_squared.png,Image & video processing,2013.0,Wallonia,Rue de la Résistance(WAU) 92 / A,7131,Binche,Rue de la Résistance(WAU) 92 / A 7131 Binche,,
WeGroup,http://www.wegroup.be/,https://community.ai4belgium.be/ai-landscape//landscape_logos/WeGroup_squared.png,Legal & FinTech,2017.0,Flanders,Ottergemsesteenweg-Zuid 808 / 372,9000,Gent,Ottergemsesteenweg-Zuid 808 / 372 9000 Gent,51.0152662,3.7321988
WeSmart,http://www.wesmart.com/,https://community.ai4belgium.be/ai-landscape//landscape_logos/WeSmart_squared.png,"Agritech, Cleantech & energy",2016.0,Brussels,Rue Dieudonné Lefèvre 17,1020,Bruxelles,Rue Dieudonné Lefèvre 17 1020 Bruxelles,50.8705127,4.3510053
Willow,http://www.contento.us/,https://community.ai4belgium.be/ai-landscape//landscape_logos/Willow_squared.png,Sales & Marketing,2018.0,Flanders,Rue Grande 189,7020,Mons,Rue Grande 189 7020 Mons,50.493941,3.9821807
XenomatiX,http://www.xenomatix.com/,https://community.ai4belgium.be/ai-landscape//landscape_logos/XenomatiX_squared.png,"Automotive, mobility & travel",2013.0,Flanders,Romeinse straat 6,3001,Leuven,Romeinse straat 6 3001 Leuven,50.845957,4.7368638
Yagram Health,http://www.yagram.com/,https://community.ai4belgium.be/ai-landscape//landscape_logos/Yagram-Health_squared.png,Healthcare & biotech,2014.0,Brussels,BOSWEG 37,4645 RB,PUTTE,BOSWEG 37 4645 RB PUTTE,51.3656851,4.3983109
Yazzoom,http://www.yazzoom.com/,https://community.ai4belgium.be/ai-landscape//landscape_logos/Yazzoom_squared.png,Industrial,2011.0,Flanders,Moutstraat 88,9000,Gent,Moutstraat 88 9000 Gent,51.0303593,3.7379014
Yields,http://yields.io/,https://community.ai4belgium.be/ai-landscape//landscape_logos/Yields_squared.png,Legal & FinTech,2017.0,Brussels,Oktrooiplein 1 / 201,9000,Gent,Oktrooiplein 1 / 201 9000 Gent,51.057535,3.7396435
Zensor,http://www.zensor.be/,https://community.ai4belgium.be/ai-landscape//landscape_logos/Zensor_squared.png,Industrial,2013.0,Brussels,Rue des Pères Blancs 4,1040,Etterbeek,Rue des Pères Blancs 4 1040 Etterbeek,50.8265714,4.3998621
Acapela Group,https://www.acapela-group.com/,https://community.ai4belgium.be/ai-landscape//landscape_logos/Acapela-Group_squared.png,Speech & Text,2003.0,Wallonia,Rue du Crossage 2 / A,7011,Mons,Rue du Crossage 2 / A 7011 Mons,50.4576473,3.915474
Acic,http://www.acic.eu/fr/,https://community.ai4belgium.be/ai-landscape//landscape_logos/Acic_squared.png,"Security, Cyber-Security",2003.0,Wallonia,Avenue Charles Woeste 67 / 5,1090,Jette,Avenue Charles Woeste 67 / 5 1090 Jette,50.8779599,4.3327283
ACM,https://www.acmonline.eu/login.php,https://community.ai4belgium.be/ai-landscape//landscape_logos/acm_squared.png,Legal & FinTech,2006.0,Wallonia,Rue de Voroux 53,4450,Juprelle,Rue de Voroux 53 4450 Juprelle,50.7118906,5.5321026
Actonomy,https://www.googleadservices.com/pagead/aclk?sa=L&ai=DChcSEwihua69rO7tAhWChtUKHb8DDx8YABAAGgJ3cw&ohost=www.google.com&cid=CAESQOD2wAaMm978LFJgSpSJVPPCWzil5ja8i25J7R6DaC48uyp9q5QQJf2MrcJeabi9ovIl7ijunPuaL4-fv_I2TsE&sig=AOD64_3nnSJs5bnAPLHiU0joRkn0cFavTA&q&adurl&ved=2ahUKEwj06qe9rO7tAhUN8BoKHZlFALkQ0Qx6BAgFEAE,https://community.ai4belgium.be/ai-landscape//landscape_logos/Actonomy_squared.png,HR & Skills,2001.0,Flanders,Lummense Kiezel 51,3510,Hasselt,Lummense Kiezel 51 3510 Hasselt,50.9530026,5.2423762
Aloxy,https://www.aloxy.io/,https://community.ai4belgium.be/ai-landscape//landscape_logos/Aloxy_squared.png,Industrial,2017.0,Flanders,Sint-Pietersvliet 7,2000,Antwerpen,Sint-Pietersvliet 7 2000 Antwerpen,51.2256089,4.4008316
Amoobi,https://www.amoobi.com/,https://community.ai4belgium.be/ai-landscape//landscape_logos/amoobi_squared.png,Retail & telecom,2011.0,Wallonia,Rue de l'Industrie 20,1400,Nivelles,Rue de l'Industrie 20 1400 Nivelles,50.5864542,4.3552332
Ampacimon,http://www.ampacimon.com/,https://community.ai4belgium.be/ai-landscape//landscape_logos/Ampacimon_squared.png,"Agritech, Cleantech & energy",2010.0,Wallonia,Avenue Alfred Deponthière 40,4431,Ans,Avenue Alfred Deponthière 40 4431 Ans,,
Aptus,https://www.aptus.be/#,https://community.ai4belgium.be/ai-landscape//landscape_logos/1607861495571_squared.png,Services,2015.0,Flanders,Prins Boudewijnlaan 41,2650,Edegem,Prins Boudewijnlaan 41 2650 Edegem,51.1475776,4.4363272
Arinti,https://arinti.ai/,https://community.ai4belgium.be/ai-landscape//landscape_logos/arinti-socialmedia_squared.png,Services,2017.0,Flanders,Veldkant 33 A,2550,Kontich,Veldkant 33 A 2550 Kontich,51.1424488,4.4427143
Arkite,https://arkite.com/,https://community.ai4belgium.be/ai-landscape//landscape_logos/Arkite_squared.png,Industrial,2015.0,Flanders,C-Mine 12,3600,Genk,C-Mine 12 3600 Genk,50.9827077,5.4920445
Asylia Diagnostics,https://www.asyliadx.com/,https://community.ai4belgium.be/ai-landscape//landscape_logos/Asylia-Diagnostics_squared.png,Healthcare & biotech,2016.0,Flanders,Philipssite 5 / 1,3001,Leuven,Philipssite 5 / 1 3001 Leuven,50.8676476,4.7118751
Azumuta,https://www.azumuta.com/,https://community.ai4belgium.be/ai-landscape//landscape_logos/Azumuta_squared.png,Industrial,2013.0,Flanders,Schuttershof 24,9051,Gent,Schuttershof 24 9051 Gent,51.0177744,3.6606328
B12 Consulting,https://www.b12-consulting.com/,https://community.ai4belgium.be/ai-landscape//landscape_logos/b12-consulting_squared.png,Services,2012.0,Wallonia,Boucle Odon Godart 2,1348,Ottignies-Louvain-la-Neuve,Boucle Odon Godart 2 1348 Ottignies-Louvain-la-Neuve,50.6608676,4.6195129
BioLizard,https://lizard.bio/,https://community.ai4belgium.be/ai-landscape//landscape_logos/BioLizard_squared.png,Healthcare & biotech,2018.0,Flanders,Ottergemsesteenweg-Zuid 808 / B511,9000,Gent,Ottergemsesteenweg-Zuid 808 / B511 9000 Gent,51.0160755,3.7325263
Brainstorm Consulting,https://www.bstorm.be/,https://community.ai4belgium.be/ai-landscape//landscape_logos/logo-final2_squared.png,Services,2014.0,Wallonia,Rue du Bosquet 7,1348,Ottignies-Louvain-la-Neuve,Rue du Bosquet 7 1348 Ottignies-Louvain-la-Neuve,50.660695,4.6326635
byNubian,https://www.bynubian.com/fr/,https://community.ai4belgium.be/ai-landscape//landscape_logos/byNubian_squared.png,"Agritech, Cleantech & energy",2015.0,Flanders,Elyzeese Velden 6,9000,Gent,Elyzeese Velden 6 9000 Gent,51.0612376,3.7053577
Calculus,https://www.calculus.group/?lang=fr,https://community.ai4belgium.be/ai-landscape//landscape_logos/download-2_squared.png,Services,2017.0,Flanders,Kernenergiestraat 19 /1,2610,Antwerpen,Kernenergiestraat 19 /1 2610 Antwerpen,51.1577328,4.3862575
Co-libry,https://co-libry.com/,https://community.ai4belgium.be/ai-landscape//landscape_logos/Co-libry_squared.png,Sales & Marketing,2016.0,Flanders,Rue de Nivelles 14,1300,Wavre,Rue de Nivelles 14 1300 Wavre,50.7157342,4.6084652
Comexis Partners,https://comexis.net/,https://community.ai4belgium.be/ai-landscape//landscape_logos/telechargement_squared.png,Services,1999.0,Wallonia,Uitbreidingstraat 84,2600,Antwerpen,Uitbreidingstraat 84 2600 Antwerpen,51.1926131,4.4180871
Conversation Starter,https://www.conversationstarter.net/,https://community.ai4belgium.be/ai-landscape//landscape_logos/Conversation-Starter_squared.png,HR & Skills,2015.0,Flanders,Molenbergstraat 10 / 25,2000,Antwerpen,Molenbergstraat 10 / 25 2000 Antwerpen,51.220353,4.4154416
Creative Therapy,https://www.mycreativetherapy.com/#pll_switcher,https://community.ai4belgium.be/ai-landscape//landscape_logos/Creative-Therapy_squared.png,Healthcare & biotech,2019.0,Flanders,Derbystraat 361,9051,Gent,Derbystraat 361 9051 Gent,51.0232764,3.6971631
Creax,https://creax.com/,https://community.ai4belgium.be/ai-landscape//landscape_logos/download-3_squared.png,Services,2000.0,Flanders,Heerbaan 43,2530,Boechout,Heerbaan 43 2530 Boechout,51.1642367,4.5033749
CrossLang,http://www.crosslang.com/en,https://community.ai4belgium.be/ai-landscape//landscape_logos/download-4_squared.png,Services,2002.0,Flanders,Route du Condroz 492 / A,4031,Liège,Route du Condroz 492 / A 4031 Liège,50.5915576,5.5710334
Crunch Analytics,https://www.crunchanalytics.be/,https://community.ai4belgium.be/ai-landscape//landscape_logos/crunch_squared.png,"RPA, Internal Data & Intelligence",2016.0,Flanders,Rodelijvekensstraat 28 / //2,9000,Gent,Rodelijvekensstraat 28 / //2 9000 Gent,51.0601833,3.7247206
Dapesco,https://www.dapesco.com/fr/,https://community.ai4belgium.be/ai-landscape//landscape_logos/Dapesco_squared.png,"Agritech, Cleantech & energy",2002.0,Wallonia,Granbonpré 4,1348,Ottignies-Louvain-la-Neuve,Granbonpré 4 1348 Ottignies-Louvain-la-Neuve,50.66389,4.6387666
DART Consulting,http://dartconsult.com/fr/,https://community.ai4belgium.be/ai-landscape//landscape_logos/Dart-logosignature-gris70-150px_squared.png,Services,2014.0,Brussels,Rue Modeste Rigo(POU) 22,4350,Remicourt,Rue Modeste Rigo(POU) 22 4350 Remicourt,,
Data Factory,https://www.datafactory.be/,https://community.ai4belgium.be/ai-landscape//landscape_logos/5e2035af70ac8acc34661129_logo-datafactory_squared.png,Services,2018.0,Brussels,Königsallee 178,44799,Bochum,Königsallee 178 44799 Bochum,51.458214,7.2233895
DEO,https://deo.care/,https://community.ai4belgium.be/ai-landscape//landscape_logos/Data-driven-Efficency-for-the-Operating-Room-DEO_squared.png,Healthcare & biotech,2018.0,Flanders,Bisschoppenhoflaan 1,2100,Antwerpen,Bisschoppenhoflaan 1 2100 Antwerpen,51.2299009,4.4436166
Decis,https://www.decis.be/fr/,https://community.ai4belgium.be/ai-landscape//landscape_logos/Capture_squared.png,Services,2007.0,Wallonia,Avenue Georges Marchal 18,1330,Rixensart,Avenue Georges Marchal 18 1330 Rixensart,50.7128977,4.5291466
D-Sight,http://www.d-sight.com/,https://community.ai4belgium.be/ai-landscape//landscape_logos/logo-1_squared.png,Services,2010.0,Brussels,Avenue Maurice 1 / 3,1050,Ixelles,Avenue Maurice 1 / 3 1050 Ixelles,50.8164593,4.3801495
Deltaray,https://deltaray.eu/,https://community.ai4belgium.be/ai-landscape//landscape_logos/Deltaray_squared.png,Industrial,2019.0,Flanders,Centrum-Zuid11,3530,Houthalen-Helchteren,Centrum-Zuid11 3530 Houthalen-Helchteren,,
DeltaTec,https://www.deltatec.be/,https://community.ai4belgium.be/ai-landscape//landscape_logos/logo-2_squared.png,Services,1986.0,Wallonia,Rue Gilles Magnée 92,4430,Ans,Rue Gilles Magnée 92 4430 Ans,50.6600558,5.5311281
Depthen,https://www.depthen.com/fr/,https://community.ai4belgium.be/ai-landscape//landscape_logos/Depthen_squared.png,Image & video processing,2018.0,Wallonia,Boulevard Dolez 31,7000,Mons,Boulevard Dolez 31 7000 Mons,50.4515563,3.9590449
Dice,https://www.dice-cro.com/,https://community.ai4belgium.be/ai-landscape//landscape_logos/Dice-Data-Investigation-Company-Europe_squared.png,"RPA, Internal Data & Intelligence",1989.0,Flanders,Geldmunt 59,9000,Gent,Geldmunt 59 9000 Gent,51.0585449,3.7210071
Docbyte,https://www.docbyte.com/,https://community.ai4belgium.be/ai-landscape//landscape_logos/Docbyte_squared.png,Legal & FinTech,2006.0,Flanders,Kortrijksesteenweg44B,9051,Gent,Kortrijksesteenweg44B 9051 Gent,,
Dual Lab,https://www.duallab.com/,https://community.ai4belgium.be/ai-landscape//landscape_logos/Dual-Lab_squared.png,"RPA, Internal Data & Intelligence",2008.0,Brussels,Avenue des Villas 56 / 1,1340,Ottignies-Louvain-la-Neuve,Avenue des Villas 56 / 1 1340 Ottignies-Louvain-la-Neuve,50.6727185,4.5666921
EarlyTracks,https://www.earlytracks.com/,https://community.ai4belgium.be/ai-landscape//landscape_logos/EarlyTracks_squared.png,Healthcare & biotech,2009.0,Brussels,Chaussée Saint-Pierre 260,1040,Etterbeek,Chaussée Saint-Pierre 260 1040 Etterbeek,50.8375856,4.3938895
EASICS,https://www.easics.com/,https://community.ai4belgium.be/ai-landscape//landscape_logos/EASICS_squared.png,"Hardware, Edge, Drone & geolocation",1991.0,Flanders,Diestsevest 32 / 2B,3000,Leuven,Diestsevest 32 / 2B 3000 Leuven,50.8836411,4.712402
Ectosense,https://www.ectosense.com/,https://community.ai4belgium.be/ai-landscape//landscape_logos/Ectosense_squared.png,Healthcare & biotech,2015.0,Flanders,Avenue Herrmann-Debroux 54,1160,Auderghem,Avenue Herrmann-Debroux 54 1160 Auderghem,50.8137354,4.4339224
EMDYN,https://www.emdyn.com/,https://community.ai4belgium.be/ai-landscape//landscape_logos/EMDYN_squared.png,"Security, Cyber-Security",2008.0,Flanders,Gaston Crommenlaan 8,9050,Gent,Gaston Crommenlaan 8 9050 Gent,51.0366085,3.7346267
Engiforce,http://www.engiforce.com/,https://community.ai4belgium.be/ai-landscape//landscape_logos/Engiforce_logo_Home_Page_squared.png,Services,2011.0,Wallonia,allée Arthur Masson,1400,Nivelles,allée Arthur Masson 1400 Nivelles,50.6048058,4.3183852
Entelec Control Systems,https://www.entelec.eu/,https://community.ai4belgium.be/ai-landscape//landscape_logos/Entelec-Control-Systems_squared.png,"Security, Cyber-Security",1992.0,Flanders,Wetenschapspark 25,3590,Diepenbeek,Wetenschapspark 25 3590 Diepenbeek,50.9298835,5.3963103
Epihunter,https://www.epihunter.com/,https://community.ai4belgium.be/ai-landscape//landscape_logos/Epihunter_squared.png,Healthcare & biotech,2017.0,Flanders,Kempische steenweg 303 / 200,3500,Hasselt,Kempische steenweg 303 / 200 3500 Hasselt,50.9560555,5.350412
eXia,https://www.exia.eu/site/,https://community.ai4belgium.be/ai-landscape//landscape_logos/eXia_squared.png,"Automotive, mobility & travel",2013.0,Brussels,Rue de l'Ancienne Gare 2 / B,1380,Lasne,Rue de l'Ancienne Gare 2 / B 1380 Lasne,50.6868803,4.4821874
Faktion,https://www.faktion.com/,https://community.ai4belgium.be/ai-landscape//landscape_logos/download-5_squared.png,Services,2016.0,Flanders,Oudeleeuwenrui 39,2000,Antwerpen,Oudeleeuwenrui 39 2000 Antwerpen,51.2275779,4.4086693
FluidDA,https://www.fluidda.com/,https://community.ai4belgium.be/ai-landscape//landscape_logos/FluidDA_squared.png,Healthcare & biotech,2005.0,Flanders,Groeningenlei 132,2550,Kontich,Groeningenlei 132 2550 Kontich,51.1434773,4.4124547
Foodpairing,https://www.foodpairing.com/fr/home,https://community.ai4belgium.be/ai-landscape//landscape_logos/Foodpairing_squared.png,"Agritech, Cleantech & energy",2009.0,Flanders,Oktrooiplein 1 / 401,9000,Gent,Oktrooiplein 1 / 401 9000 Gent,51.0575531,3.7393751
Gabi Smartcare,https://gabismartcare.com/,https://community.ai4belgium.be/ai-landscape//landscape_logos/Gabi-Smartcare_squared.png,Healthcare & biotech,2017.0,Wallonia,Rue Emile Francqui 6,1435,Mont-Saint-Guibert,Rue Emile Francqui 6 1435 Mont-Saint-Guibert,50.6588883,4.6226939
Genae,https://www.genae.com/,https://community.ai4belgium.be/ai-landscape//landscape_logos/Genae_squared.png,Healthcare & biotech,2005.0,Flanders,Berchemstadionstraat 78,2600,Antwerpen,Berchemstadionstraat 78 2600 Antwerpen,51.1893501,4.4395756
HeartKinetics,https://heartkinetics.com/fr/,https://community.ai4belgium.be/ai-landscape//landscape_logos/HeartKinetics_squared.png,Healthcare & biotech,2019.0,Wallonia,Rue Auguste Piccard 48,6041,Charleroi,Rue Auguste Piccard 48 6041 Charleroi,50.4706078,4.4619438
Hippocreates,http://www.hippocreates.be/,https://community.ai4belgium.be/ai-landscape//landscape_logos/Hippocreates_squared.png,Healthcare & biotech,2020.0,Flanders,Rue du Baillois 1,1330,Rixensart,Rue du Baillois 1 1330 Rixensart,50.7104856,4.507489
Horus Software,https://horussoftware.be/fr/,https://community.ai4belgium.be/ai-landscape//landscape_logos/Horus-Software_squared.png,Legal & FinTech,2016.0,Wallonia,Rue Hazette 42,4053,Chaudfontaine,Rue Hazette 42 4053 Chaudfontaine,50.5844864,5.6074232
Hovertone,https://www.hovertone.com/,https://community.ai4belgium.be/ai-landscape//landscape_logos/Hovertone_squared.png,"Social (Education, Civic Tech, Entertainment, etc)",2015.0,Wallonia,Rue de la Terre du Prince 17,7000,Mons,Rue de la Terre du Prince 17 7000 Mons,50.4517982,3.9485054
i.Deeds,https://www.ideeds.be/en,https://community.ai4belgium.be/ai-landscape//landscape_logos/ideeds_squared.png,"RPA, Internal Data & Intelligence",1990.0,Flanders,Kortrijksesteenweg 88,9830,Sint-Martens-Latem,Kortrijksesteenweg 88 9830 Sint-Martens-Latem,51.012462,3.6407978
IBA,https://iba-worldwide.com/,https://community.ai4belgium.be/ai-landscape//landscape_logos/IBA_squared.png,Healthcare & biotech,1986.0,Wallonia,Wakkensesteenweg(Oes) 53,8720,Dentergem,Wakkensesteenweg(Oes) 53 8720 Dentergem,,
i-Care,https://www.icareweb.com/fr-be/,https://community.ai4belgium.be/ai-landscape//landscape_logos/i-Care_squared.png,Industrial,2004.0,Wallonia,Beekakkersstraat 45,2340,Beerse,Beekakkersstraat 45 2340 Beerse,51.3230754,4.8458174
Ingestic,https://www.ingestic.be/,https://community.ai4belgium.be/ai-landscape//landscape_logos/logo-ingestic_squared.png,Services,2011.0,Wallonia,Rue Duc d'Arenberg 48,1430,Rebecq,Rue Duc d'Arenberg 48 1430 Rebecq,50.6871616,4.1189585
Inimco,https://inimco.com/,https://community.ai4belgium.be/ai-landscape//landscape_logos/inimco_squared.png,Industrial,2016.0,Flanders,Hoogkamerstraat 304,9140,Temse,Hoogkamerstraat 304 9140 Temse,51.1377673,4.185128
Innovation Sprint,https://innovationsprint.eu/,https://community.ai4belgium.be/ai-landscape//landscape_logos/Innovation-Sprint_squared.png,Healthcare & biotech,2016.0,Brussels,Clos Chapelle-aux-Champs 30 / 1.30.30,1200,Woluwe-Saint-Lambert,Clos Chapelle-aux-Champs 30 / 1.30.30 1200 Woluwe-Saint-Lambert,,
Instaon,https://instaon.io/fr,https://community.ai4belgium.be/ai-landscape//landscape_logos/instaon_squared.png,Sales & Marketing,2018.0,Brussels,Chaussée de Huy 368,1325,Chaumont-Gistoux,Chaussée de Huy 368 1325 Chaumont-Gistoux,50.6709005,4.7273565
Intermodalics,https://www.intermodalics.eu/,https://community.ai4belgium.be/ai-landscape//landscape_logos/Intermodalics_squared.png,"Hardware, Edge, Drone & geolocation",2010.0,Flanders,Ambachtenlaan 54,3001,Leuven,Ambachtenlaan 54 3001 Leuven,50.8484242,4.718496
IP Metro,https://ipmetro.com/,https://community.ai4belgium.be/ai-landscape//landscape_logos/IP-Metro_squared.png,"Security, Cyber-Security",2013.0,Flanders,Rue de la Colonne 1A,1080,Molenbeek-Saint-Jean,Rue de la Colonne 1A 1080 Molenbeek-Saint-Jean,50.8532503,4.3364047
IPBuilding,https://www.ipbuilding.be/,https://community.ai4belgium.be/ai-landscape//landscape_logos/IPBuilding_squared.png,"Agritech, Cleantech & energy",2012.0,Flanders,Ninovesteenweg 196,9320,Aalst,Ninovesteenweg 196 9320 Aalst,50.9156416,4.0447604
I-Pulses,https://www.i-pulses.be/,https://community.ai4belgium.be/ai-landscape//landscape_logos/logo-3_squared.png,Services,2018.0,Wallonia,Esplanade De Cuyper-Beniest 5 / 2119,4671,Blégny,Esplanade De Cuyper-Beniest 5 / 2119 4671 Blégny,50.6533587,5.6772227
Iris,https://irisprosolutions.com/,https://community.ai4belgium.be/ai-landscape//landscape_logos/Iris_squared.png,Speech & Text,1992.0,Flanders,Markt 66/68/70,9800,Deinze,Markt 66/68/70 9800 Deinze,50.9838086,3.5269214
Ittention,https://www.ittention.com/,https://community.ai4belgium.be/ai-landscape//landscape_logos/Ittention_squared.png,Sales & Marketing,2016.0,Wallonia,Boulevard Dolez 31,7000,Mons,Boulevard Dolez 31 7000 Mons,50.4515563,3.9590449
Ixor,https://ixor.be/,https://community.ai4belgium.be/ai-landscape//landscape_logos/1519867848153_squared.png,Services,2002.0,Flanders,Schuttersvest 75,2800,Mechelen,Schuttersvest 75 2800 Mechelen,51.0208146,4.4817498
Knowliah,http://www.knowliah.com/,https://community.ai4belgium.be/ai-landscape//landscape_logos/Knowliah_squared.png,"Social (Education, Civic Tech, Entertainment, etc)",1999.0,Flanders,Leuvensesteenweg 282c,3190,Boortmeerbeek,Leuvensesteenweg 282c 3190 Boortmeerbeek,50.9701979,4.5665391
LAMMP,https://lammp.be/,https://community.ai4belgium.be/ai-landscape//landscape_logos/LAMMP_squared.png,"Agritech, Cleantech & energy",2019.0,Flanders,Begonialei 9,2170,Antwerpen,Begonialei 9 2170 Antwerpen,51.2506906,4.4569495
Lawrenza,https://lawrenza.com/,https://community.ai4belgium.be/ai-landscape//landscape_logos/Lawrenza_squared.png,Legal & FinTech,2016.0,Brussels,Rue de Soignies 140,7800,Ath,Rue de Soignies 140 7800 Ath,50.6228927,3.7966581
Limecraft,https://www.limecraft.com/,https://community.ai4belgium.be/ai-landscape//landscape_logos/Limecraft_squared.png,Image & video processing,2010.0,Flanders,Sint-Salvatorstraat 18B / 301,9000,Gent,Sint-Salvatorstraat 18B / 301 9000 Gent,,
Lindacare,https://lindacare.com/,https://community.ai4belgium.be/ai-landscape//landscape_logos/Lindacare_squared.png,Healthcare & biotech,2015.0,Flanders,Grauwmeer 1 / 41,3001,Leuven,Grauwmeer 1 / 41 3001 Leuven,50.8467078,4.7190228
Ludebo,https://www.sec-dpo.com/,https://community.ai4belgium.be/ai-landscape//landscape_logos/Ludebo_squared.png,Legal & FinTech,2019.0,Wallonia,Rue Jules Beresse 26b,7031,Mons,Rue Jules Beresse 26b 7031 Mons,50.4298948,4.0392628
Marple,https://getmarple.io/,https://community.ai4belgium.be/ai-landscape//landscape_logos/marple_squared.png,"RPA, Internal Data & Intelligence",2019.0,Flanders,Sint-Pietersvliet 7,2000,Antwerpen,Sint-Pietersvliet 7 2000 Antwerpen,51.2256089,4.4008316
Mediabos,https://www.mediabos.be/,https://community.ai4belgium.be/ai-landscape//landscape_logos/Mediabos_squared.png,"Security, Cyber-Security",2000.0,Wallonia,Lohirville 22 / A,4890,Thimister-Clermont,Lohirville 22 / A 4890 Thimister-Clermont,50.6465716,5.9011253
Memoco,https://memoco.eu/,https://community.ai4belgium.be/ai-landscape//landscape_logos/Memoco_squared.png,"Agritech, Cleantech & energy",1982.0,Wallonia,Rue de Rodeuhaie 6,1348,Ottignies-Louvain-la-Neuve,Rue de Rodeuhaie 6 1348 Ottignies-Louvain-la-Neuve,50.6610392,4.6264877
Mentis,https://thingks.io/,https://community.ai4belgium.be/ai-landscape//landscape_logos/Mentis_squared.png,Speech & Text,2005.0,Brussels,Hodbomont 20,4910,Theux,Hodbomont 20 4910 Theux,50.5266291,5.7839654
Metheore,http://metheore.be/,https://community.ai4belgium.be/ai-landscape//landscape_logos/metheore_squared.png,Industrial,2018.0,Wallonia,Rue du Bois St-Jean 15 / 1,4102,Seraing,Rue du Bois St-Jean 15 / 1 4102 Seraing,50.5925498,5.5584119
Minze health,https://minzehealth.com/,https://community.ai4belgium.be/ai-landscape//landscape_logos/Minze-health_squared.png,Healthcare & biotech,2015.0,Flanders,BOSWEG 37,4645 RB,PUTTE,BOSWEG 37 4645 RB PUTTE,51.3656851,4.3983109
Mona,https://mona.health/,https://community.ai4belgium.be/ai-landscape//landscape_logos/Mona_squared.png,Healthcare & biotech,2020.0,Flanders,Neerijse steenweg 6 / 2,3061,Bertem,Neerijse steenweg 6 / 2 3061 Bertem,50.8441655,4.5942873
Moonoia,https://www.moonoia.com/,https://community.ai4belgium.be/ai-landscape//landscape_logos/Moonoia_squared.png,"RPA, Internal Data & Intelligence",2019.0,Wallonia,Avenue Georges Lemaitre 26,6041,Charleroi,Avenue Georges Lemaitre 26 6041 Charleroi,50.4705556,4.4677248
Movanis,http://www.movanis.be/,https://community.ai4belgium.be/ai-landscape//landscape_logos/Movanis_squared.png,Industrial,2008.0,Flanders,Mijnwerkerslaan 14,3550,Heusden-Zolder,Mijnwerkerslaan 14 3550 Heusden-Zolder,51.0410926,5.323355
Novable,https://novable.com/,https://community.ai4belgium.be/ai-landscape//landscape_logos/Novable_squared.png,Sales & Marketing,2019.0,Brussels,Chaussée de La Hulpe 150,1170,Watermael-Boitsfort,Chaussée de La Hulpe 150 1170 Watermael-Boitsfort,50.7967116,4.4014503
Marketing & more,https://www.marketingandmore.be/,https://community.ai4belgium.be/ai-landscape//landscape_logos/Marketing-and-more_squared.png,Sales & Marketing,2016.0,Flanders,"Rue Favauge, St-Gérard 22",5640,Mettet,"Rue Favauge, St-Gérard 22 5640 Mettet",50.3476173,4.693153
Optimal Computing,https://www.optimalcomputing.be/index.php?company=company,https://community.ai4belgium.be/ai-landscape//landscape_logos/Optimal-Computing_squared.png,Services,2008.0,Wallonia,Rue de la Vignette(O) 36,7034,Mons,Rue de la Vignette(O) 36 7034 Mons,50.4960069,4.0114285
Optimal Design,https://optimaldesign.com/OD/company.html,https://community.ai4belgium.be/ai-landscape//landscape_logos/Optimal-Design_squared.png,Services,1997.0,Brussels,Rue des Vignoulles 4,4140,Sprimont,Rue des Vignoulles 4 4140 Sprimont,50.4837271,5.5926324
Oscars,https://www.oscars-sa.eu/,https://community.ai4belgium.be/ai-landscape//landscape_logos/Oscars_squared.png,"Hardware, Edge, Drone & geolocation",2007.0,Wallonia,Place du Chapitre 16,5300,Andenne,Place du Chapitre 16 5300 Andenne,50.487646,5.1011784
OSWALD,https://www.oswald.ai/,https://community.ai4belgium.be/ai-landscape//landscape_logos/OSWALD_squared.png,Chatbots & Assistants,2018.0,Flanders,Neuseplein 14,9000,Gent,Neuseplein 14 9000 Gent,51.0681511,3.7283214
Ovizio,https://ovizio.com/,https://community.ai4belgium.be/ai-landscape//landscape_logos/Ovizio-Imaging-Systems_squared.png,Healthcare & biotech,2010.0,Brussels,Rue François Dubois 2 / 2,1310,La Hulpe,Rue François Dubois 2 / 2 1310 La Hulpe,50.7355896,4.4942101
Partheas,https://partheas.com/,https://community.ai4belgium.be/ai-landscape//landscape_logos/Partheas_squared.png,Healthcare & biotech,2012.0,Flanders,Capucienenlaan 93A,9300,Aalst,Capucienenlaan 93A 9300 Aalst,50.9328194,4.0296657
Pegus Digital,https://pegus.digital/,https://community.ai4belgium.be/ai-landscape//landscape_logos/1557739901139_squared.png,Services,2012.0,Flanders,Grafenberger Allee 297,40237,Dusseldorf,Grafenberger Allee 297 40237 Dusseldorf,51.2366523,6.821585
PEPITe,https://www.pepite.com/,https://community.ai4belgium.be/ai-landscape//landscape_logos/PEPITe_squared.png,Industrial,2002.0,Wallonia,Brux 3,4990,Lierneux,Brux 3 4990 Lierneux,50.2900439,5.8211112
Phasya,https://www.phasya.com/en,https://community.ai4belgium.be/ai-landscape//landscape_logos/Phasya_squared.png,Healthcare & biotech,2014.0,Wallonia,Rue du Bois St-Jean 29,4102,Seraing,Rue du Bois St-Jean 29 4102 Seraing,50.5949304,5.562094
PRICING PACT,https://www.pricingpact.com/,https://community.ai4belgium.be/ai-landscape//landscape_logos/PricingPact_squared.png,Sales & Marketing,2017.0,Brussels,Rue des Anciens Etangs 55,1190,Forest,Rue des Anciens Etangs 55 1190 Forest,50.8180282,4.3187484
ProteoFormiX,https://www.proteoformix.com/,https://community.ai4belgium.be/ai-landscape//landscape_logos/ProteoFormiX_squared.png,Healthcare & biotech,2017.0,Flanders,Sassenhout 26 C,2290,Vorselaar,Sassenhout 26 C 2290 Vorselaar,51.2099894,4.8058963
Proxyclick,https://www.proxyclick.com/fr/?ads_cmpid=10183243095&ads_adid=100705580294&ads_matchtype=e&ads_network=g&ads_creative=438584373765&utm_term=proxyclick&ads_targetid=kwd-333521833842&utm_campaign=&utm_source=adwords&utm_medium=ppc&ttv=2&gclid=Cj0KCQiAoab_BRCxARIsANMx4S4eNWy3CB0MJQS_f507NsZWoBKEntVo3N3ow4gD_75rlWTZ5BN3a5QaAgU_EALw_wcB,https://community.ai4belgium.be/ai-landscape//landscape_logos/27_squared.png,Services,2004.0,Brussels,Avenue des Arts 56,1000,Bruxelles,Avenue des Arts 56 1000 Bruxelles,50.8411008,4.3667133
Qompium,https://www.fibricheck.com/,https://community.ai4belgium.be/ai-landscape//landscape_logos/Qompium_squared.png,Healthcare & biotech,2015.0,Flanders,Kempische steenweg 303 / 27,3500,Hasselt,Kempische steenweg 303 / 27 3500 Hasselt,50.9548418,5.3501056
Raymon,http://raymon.ai/,https://community.ai4belgium.be/ai-landscape//landscape_logos/Raymon_squared.png,"Hardware, Edge, Drone & geolocation",2019.0,Flanders,Oude Liersebaan 131,2800,Mechelen,Oude Liersebaan 131 2800 Mechelen,51.0389538,4.4773277
Relu,http://relu.eu/,https://community.ai4belgium.be/ai-landscape//landscape_logos/Relu_squared.png,Healthcare & biotech,2019.0,Flanders,Meidoornlaan(Kessel) 32,2560,Nijlen,Meidoornlaan(Kessel) 32 2560 Nijlen,51.1494843,4.6097204
Robonext,http://www.robonext.eu/,https://community.ai4belgium.be/ai-landscape//landscape_logos/Robonext_squared.png,"RPA, Internal Data & Intelligence",2018.0,Flanders,Vestinglaan 57 /,2650,Edegem,Vestinglaan 57 / 2650 Edegem,51.1690239,4.4300903
salamander U,https://www.salamanderu.com/,https://community.ai4belgium.be/ai-landscape//landscape_logos/salamander-U_squared.png,Healthcare & biotech,2015.0,Wallonia,Rue de la Source 191 / C,5351,Ohey,Rue de la Source 191 / C 5351 Ohey,50.4496823,5.1474486
Savaco,http://www.savaco.com/,https://community.ai4belgium.be/ai-landscape//landscape_logos/1519856862217_squared.png,Services,1991.0,Flanders,Kuurnsestraat 54,8860,Lendelede,Kuurnsestraat 54 8860 Lendelede,50.8793891,3.2429043
Savics,http://www.savics.org/,https://community.ai4belgium.be/ai-landscape//landscape_logos/Savics_squared.png,Healthcare & biotech,2016.0,Brussels,Rue de l'Hospice Communal 6,1170,Watermael-Boitsfort,Rue de l'Hospice Communal 6 1170 Watermael-Boitsfort,50.7996206,4.4183027
Simpl,http://www.logiciel-crm.be/,https://community.ai4belgium.be/ai-landscape//landscape_logos/Simpl_squared.png,Healthcare & biotech,2005.0,Wallonia,Rue des Frères Lefort 6,1480,Tubize,Rue des Frères Lefort 6 1480 Tubize,50.68561,4.2036777
SIRIUS Insight,http://www.siriusinsight.be/,https://community.ai4belgium.be/ai-landscape//landscape_logos/SIRIUS-Insight_squared.png,Sales & Marketing,1990.0,Wallonia,Avenue Alexander Fleming 10,1348,Ottignies-Louvain-la-Neuve,Avenue Alexander Fleming 10 1348 Ottignies-Louvain-la-Neuve,,
Sirris,http://www.sirris.be/,https://community.ai4belgium.be/ai-landscape//landscape_logos/Sirris_squared.png,Industrial,1949.0,Wallonia,Rue du Pavillon7,1030,Schaerbeek,Rue du Pavillon7 1030 Schaerbeek,,
Sitemark,https://www.sitemark.com/,https://community.ai4belgium.be/ai-landscape//landscape_logos/Sitemark_squared.png,Industrial,2016.0,Flanders,Gaston Geenslaan 9 / B2,3001,Leuven,Gaston Geenslaan 9 / B2 3001 Leuven,50.8655765,4.6698208
Sitemark,http://%20https//www.smartnodes.be/,https://community.ai4belgium.be/ai-landscape//landscape_logos/Sitemark_squared.png,Industrial,2014.0,Wallonia,Gaston Geenslaan 9 / B2,3001,Leuven,Gaston Geenslaan 9 / B2 3001 Leuven,50.8655765,4.6698208
SmartSpoken,http://www.thecofoundry.co/investments-1/2016/12/29/smartspoken,https://community.ai4belgium.be/ai-landscape//landscape_logos/SmartSpoken_squared.png,Speech & Text,2015.0,Flanders,Veldkant 33A,2550,Kontich,Veldkant 33A 2550 Kontich,51.1424488,4.4427143
Solvice,http://www.solvice.io/,https://community.ai4belgium.be/ai-landscape//landscape_logos/solvice.jpeg,Industrial,2015.0,Flanders,Prins Boudewijnlaan 41,2650,Edegem,Prins Boudewijnlaan 41 2650 Edegem,51.1475776,4.4363272
Sparkle,https://www.sparkle.tech/,https://community.ai4belgium.be/ai-landscape//landscape_logos/Sparkle_oranje_RGB_transparant_squared.png,Services,2016.0,Wallonia,Hoek 61 / B000,3930,Hamont-Achel,Hoek 61 / B000 3930 Hamont-Achel,51.2470934,5.4876905
Spentys,http://%20https//www.spentys.com/,https://community.ai4belgium.be/ai-landscape//landscape_logos/Spentys_squared.png,Healthcare & biotech,2017.0,Brussels,Boulevard de l'Humanité 292,1190,Forest,Boulevard de l'Humanité 292 1190 Forest,50.8079736,4.3044599
Sunrise,http://www.sunrise-sleep.com/,https://community.ai4belgium.be/ai-landscape//landscape_logos/Sunrise_squared.png,Healthcare & biotech,2015.0,Wallonia,Av. de l'Exposition Universelle 17-19,1083,Ganshoren,Av. de l'Exposition Universelle 17-19 1083 Ganshoren,50.8788105,4.3161594
sweepatic,http://%20https//www.sweepatic.com,https://community.ai4belgium.be/ai-landscape//landscape_logos/sweepatic_squared.png,"Security, Cyber-Security",2016.0,Flanders,Vaartkom 41,3000,Leuven,Vaartkom 41 3000 Leuven,50.8880603,4.7026536
Taglayer,http://www.taglayer.com/,https://community.ai4belgium.be/ai-landscape//landscape_logos/taglayer.jpeg,Sales & Marketing,2016.0,Flanders,Meir 78 / 44,2000,Antwerpen,Meir 78 / 44 2000 Antwerpen,51.2181707,4.4070371
Tapptic,http://www.tapptic.com/,https://community.ai4belgium.be/ai-landscape//landscape_logos/5c7d2faa5c22936edc4d841f_Logo_white-1_squared.png,Services,2010.0,Brussels,Boulevard de la Cambre 28/30,1000,Bruxelles,Boulevard de la Cambre 28/30 1000 Bruxelles,50.815974,4.3739876
TELEMIS,http://www.telemis.com/,https://community.ai4belgium.be/ai-landscape//landscape_logos/TELEMIS_squared.png,Healthcare & biotech,1999.0,Wallonia,Avenue Athéna 2,1348,Ottignies-Louvain-la-Neuve,Avenue Athéna 2 1348 Ottignies-Louvain-la-Neuve,50.6751066,4.611846
The retail factory,https://theretailfactory.be/,https://community.ai4belgium.be/ai-landscape//landscape_logos/The-retail-factory_squared.png,Retail & telecom,2009.0,Flanders,Carrefour de l'Europe 3,1000,Bruxelles,Carrefour de l'Europe 3 1000 Bruxelles,50.8459317,4.3561057
Thelis,http://www.thelis.be/,https://community.ai4belgium.be/ai-landscape//landscape_logos/Thelis_squared.png,Services,1989.0,Wallonia,Fabriekstraat 39,3400,Landen,Fabriekstraat 39 3400 Landen,50.748332,5.0837087
TIMI,https://timi.eu/,https://community.ai4belgium.be/ai-landscape//landscape_logos/TIMI_squared.png,"RPA, Internal Data & Intelligence",2007.0,Brussels,Wellingstraat(HEU) 48,9070,Destelbergen,Wellingstraat(HEU) 48 9070 Destelbergen,,
Tractonomy,http://www.tractonomy.com/,https://community.ai4belgium.be/ai-landscape//landscape_logos/tractonomy.jpeg,Industrial,2018.0,Flanders,Ottergemsesteenweg-Zuid 713,9000,Gent,Ottergemsesteenweg-Zuid 713 9000 Gent,51.0174632,3.7418975
Traicie,http://traicie.com/,https://community.ai4belgium.be/ai-landscape//landscape_logos/Traicie_squared.png,HR & Skills,2019.0,Flanders,Deinsesteenweg4,9031,Gent,Deinsesteenweg4 9031 Gent,,
Treedy's,http://treedys.com/,https://community.ai4belgium.be/ai-landscape//landscape_logos/treedy_squared.png,Retail & telecom,2015.0,Brussels,Oosterplasweg 35,5215HT,'s-Hertogenbosch,Oosterplasweg 35 5215HT 's-Hertogenbosch,51.6900599,5.3476132
Trendminer,https://www.trendminer.com/,https://community.ai4belgium.be/ai-landscape//landscape_logos/Trendminer_squared.png,Industrial,2008.0,Flanders,Kempische steenweg 309 / 5.01,3500,Hasselt,Kempische steenweg 309 / 5.01 3500 Hasselt,,
Trendskout,http://www.trendskout.com/,https://community.ai4belgium.be/ai-landscape//landscape_logos/Trendskout_logo_site__squared.png,Services,2019.0,Flanders,Ottergemsesteenweg-Zuid 808 / B164,9000,Gent,Ottergemsesteenweg-Zuid 808 / B164 9000 Gent,51.0160755,3.7325263
Tropos,http://www.tropos.io/,https://community.ai4belgium.be/ai-landscape//landscape_logos/cropped-tropos-logo-square-367x68-1_squared.png,Services,2015.0,Flanders,Krommepopulierstraat 16,9030,Gent,Krommepopulierstraat 16 9030 Gent,51.0753769,3.6986399
Underside,http://www.underside.be/,https://community.ai4belgium.be/ai-landscape//landscape_logos/underside_squared.png,Services,2000.0,Wallonia,Avenue Georges Lemaitre 5,6041,Charleroi,Avenue Georges Lemaitre 5 6041 Charleroi,50.4705556,4.4677248
VECTR Consulting,https://vectr.consulting/,https://community.ai4belgium.be/ai-landscape//landscape_logos/VectrConsulting_squared.png,Services,2016.0,Flanders,Weggevoerdenstraat 26,3012,Leuven,Weggevoerdenstraat 26 3012 Leuven,50.9243427,4.7191663
VersaSense,http://www.versasense.com/,https://community.ai4belgium.be/ai-landscape//landscape_logos/versasense-logo-small_squared.png,Services,2016.0,Flanders,Kapeldreef 60,3001,Leuven,Kapeldreef 60 3001 Leuven,50.8620767,4.6715625
Vision++,http://www.visionplusplus.com/,https://community.ai4belgium.be/ai-landscape//landscape_logos/Vision_squared.png,Image & video processing,2007.0,Flanders,Borsbeeksebrug 34 / 1,2600,Antwerpen,Borsbeeksebrug 34 / 1 2600 Antwerpen,51.200642,4.4368875
VoxelSensors,https://www.voxelsensors.com/,https://community.ai4belgium.be/ai-landscape//landscape_logos/voxelsensors.jpeg,Industrial,2020.0,Brussels,Cantersteen 47,1000,Bruxelles,Cantersteen 47 1000 Bruxelles,50.8455966,4.3582269
Waylay,http://www.waylay.io/,https://community.ai4belgium.be/ai-landscape//landscape_logos/6654105_squared.png,Services,2014.0,Flanders,Blekersdijk 33A,9000,Gent,Blekersdijk 33A 9000 Gent,51.0591158,3.7315426
Westray,http://www.westray.eu/,https://community.ai4belgium.be/ai-landscape//landscape_logos/Westray_squared.png,"Automotive, mobility & travel",2018.0,Flanders,Lange Lobroekstraat 41-45,2060,Antwerpen,Lange Lobroekstraat 41-45 2060 Antwerpen,51.2276767,4.4364269
XC Lab,http://xclab.com/,https://community.ai4belgium.be/ai-landscape//landscape_logos/logo-xc-lab-488x128-1_squared.png,Services,2019.0,Wallonia,Route d'Eupen(BLN) 212,4837,Baelen,Route d'Eupen(BLN) 212 4837 Baelen,,
Molengeek,https://molengeek.com/,https://community.ai4belgium.be/ai-landscape//landscape_logos/Molengeek_squared.png,"Social (Education, Civic Tech, Entertainment, etc)",2016.0,Brussels,Place de la Minoterie 10,1080,Molenbeek-Saint-Jean,Place de la Minoterie 10 1080 Molenbeek-Saint-Jean,50.8553354,4.3412741
Dwengo,https://dwengo.org/,https://community.ai4belgium.be/ai-landscape//landscape_logos/Dwengo_squared.png,"Social (Education, Civic Tech, Entertainment, etc)",2009.0,Flanders,Lange Leemstraat 334 / 201,2018,Antwerpen,Lange Leemstraat 334 / 201 2018 Antwerpen,51.210451,4.4094903
Be Central,http://becentral.org/,https://community.ai4belgium.be/ai-landscape//landscape_logos/Be-Central_squared.png,"Social (Education, Civic Tech, Entertainment, etc)",2017.0,Brussels,Cantersteen 12,1000,Bruxelles,Cantersteen 12 1000 Bruxelles,50.8455687,4.3574923
Lopos,https://www.lopos.be/,https://community.ai4belgium.be/ai-landscape//landscape_logos/Lopos_squared.png,Healthcare & biotech,2020.0,Flanders,Ottergemsesteenweg-Zuid 808 / 361,9000,Gent,Ottergemsesteenweg-Zuid 808 / 361 9000 Gent,51.0152662,3.7321988
